Robot id	t = 0	t = 5	t = 10	t = 15	t = 20	t = 25	t = 30	t = 35	t = 40	t = 45	t = 50	t = 55	t = 60	t = 65	t = 70	t = 75	t = 80	t = 85	t = 90	t = 95	t = 100	t = 105	t = 110	t = 115	t = 120	t = 125	t = 130	t = 135	t = 140	t = 145	t = 150	t = 155	t = 160	t = 165	t = 170	t = 175	t = 180	t = 185	t = 190	t = 195	t = 200	t = 205	t = 210	t = 215	t = 220	t = 225	t = 230	t = 235	t = 240	t = 245	t = 250	t = 255	t = 260	t = 265	t = 270	t = 275	t = 280	t = 285	t = 290	t = 295	t = 300	t = 305	t = 310	t = 315	t = 320	t = 325	t = 330	t = 335	t = 340	t = 345	t = 350	t = 355	t = 360	t = 365	t = 370	t = 375	t = 380	t = 385	t = 390	t = 395	t = 400	t = 405	t = 410	t = 415	t = 420	t = 425	t = 430	t = 435	t = 440	t = 445	t = 450	t = 455	t = 460	t = 465	t = 470	t = 475	t = 480	t = 485	t = 490	t = 495	t = 500	t = 505	t = 510	t = 515	t = 520	t = 525	t = 530	t = 535	t = 540	t = 545	t = 550	t = 555	t = 560	t = 565	t = 570	t = 575	t = 580	t = 585	t = 590	t = 595	t = 600	t = 605	t = 610	t = 615	t = 620	t = 625	t = 630	t = 635	t = 640	t = 645	t = 650	t = 655	t = 660	t = 665	t = 670	t = 675	t = 680	t = 685	t = 690	t = 695	t = 700	t = 705	t = 710	t = 715	t = 720	t = 725	t = 730	t = 735	t = 740	t = 745	t = 750	t = 755	t = 760	t = 765	t = 770	t = 775	t = 780	t = 785	t = 790	t = 795	t = 800	t = 805	t = 810	t = 815	t = 820	t = 825	t = 830	t = 835	t = 840	t = 845	t = 850	t = 855	t = 860	t = 865	t = 870	t = 875	t = 880	t = 885	t = 890	t = 895	t = 900	t = 905	t = 910	t = 915	t = 920	t = 925	t = 930	t = 935	t = 940	t = 945	t = 950	t = 955	t = 960	t = 965	t = 970	t = 975	t = 980	t = 985	t = 990	t = 995	t = 1000	t = 1005	t = 1010	t = 1015	t = 1020	t = 1025	t = 1030	t = 1035	t = 1040	t = 1045	t = 1050	t = 1055	t = 1060	t = 1065	t = 1070	t = 1075	t = 1080	t = 1085	t = 1090	t = 1095	t = 1100	t = 1105	t = 1110	t = 1115	t = 1120	t = 1125	t = 1130	t = 1135	t = 1140	t = 1145	t = 1150	t = 1155	t = 1160	t = 1165	t = 1170	t = 1175	t = 1180	t = 1185	t = 1190	t = 1195	t = 1200	t = 1205	t = 1210	t = 1215	t = 1220	t = 1225	t = 1230	t = 1235	t = 1240	t = 1245	t = 1250	t = 1255	t = 1260	t = 1265	t = 1270	t = 1275	t = 1280	t = 1285	t = 1290	t = 1295	t = 1300	t = 1305	t = 1310	t = 1315	t = 1320	t = 1325	t = 1330	t = 1335	t = 1340	t = 1345	t = 1350	t = 1355	t = 1360	t = 1365	t = 1370	t = 1375	t = 1380	t = 1385	t = 1390	t = 1395	t = 1400	t = 1405	t = 1410	t = 1415	t = 1420	t = 1425	t = 1430	t = 1435	t = 1440	t = 1445	t = 1450	t = 1455	t = 1460	t = 1465	t = 1470	t = 1475	t = 1480	t = 1485	t = 1490	t = 1495	t = 1500	t = 1505	t = 1510	t = 1515	t = 1520	t = 1525	t = 1530	t = 1535	t = 1540	t = 1545	t = 1550	t = 1555	t = 1560	t = 1565	t = 1570	t = 1575	t = 1580	t = 1585	t = 1590	t = 1595	t = 1600	t = 1605	t = 1610	t = 1615	t = 1620	t = 1625	t = 1630	t = 1635	t = 1640	t = 1645	t = 1650	t = 1655	t = 1660	t = 1665	t = 1670	t = 1675	t = 1680	t = 1685	t = 1690	t = 1695	t = 1700	t = 1705	t = 1710	t = 1715	t = 1720	t = 1725	t = 1730	t = 1735	t = 1740	t = 1745	t = 1750	t = 1755	t = 1760	t = 1765	t = 1770	t = 1775	t = 1780	t = 1785	t = 1790	t = 1795	t = 1800	t = 1805	t = 1810	t = 1815	t = 1820	t = 1825	t = 1830	t = 1835	t = 1840	t = 1845	t = 1850	t = 1855	t = 1860	t = 1865	t = 1870	t = 1875	t = 1880	t = 1885	t = 1890	t = 1895	t = 1900	t = 1905	t = 1910	t = 1915	t = 1920	t = 1925	t = 1930	t = 1935	t = 1940	t = 1945	t = 1950	t = 1955	t = 1960	t = 1965	t = 1970	t = 1975	t = 1980	t = 1985	t = 1990	t = 1995	t = 2000	t = 2005	t = 2010	t = 2015	t = 2020	t = 2025	t = 2030	t = 2035	t = 2040	t = 2045	t = 2050	t = 2055	t = 2060	t = 2065	t = 2070	t = 2075	t = 2080	t = 2085	t = 2090	t = 2095	t = 2100	t = 2105	t = 2110	t = 2115	t = 2120	t = 2125	t = 2130	t = 2135	t = 2140	t = 2145	t = 2150	t = 2155	t = 2160	t = 2165	t = 2170	t = 2175	t = 2180	t = 2185	t = 2190	t = 2195	t = 2200	t = 2205	t = 2210	t = 2215	t = 2220	t = 2225	t = 2230	t = 2235	t = 2240	t = 2245	t = 2250	t = 2255	t = 2260	t = 2265	t = 2270	t = 2275	t = 2280	t = 2285	t = 2290	t = 2295	t = 2300	t = 2305	t = 2310	t = 2315	t = 2320	t = 2325	t = 2330	t = 2335	t = 2340	t = 2345	t = 2350	t = 2355	t = 2360	t = 2365	t = 2370	t = 2375	t = 2380	t = 2385	t = 2390	t = 2395	t = 2400
1	0	1.275e-05	8.493e-05	0.0002209	0.000411	0.0006714	0.0009955	0.001383	0.001835	0.002351	0.00293	0.003573	0.00428	0.004959	0.005632	0.006434	0.00694	0.007214	0.007512	0.008162	0.008673	0.008949	0.009391	0.009846	0.01033	0.01086	0.01141	0.012	0.01262	0.01327	0.01396	0.01497	0.01593	0.01701	0.01815	0.01922	0.01977	0.02039	0.02097	0.02114	0.02134	0.02154	0.02173	0.02193	0.02213	0.02233	0.02254	0.02274	0.02294	0.0232	0.02336	0.02346	0.02364	0.02384	0.02406	0.02427	0.02449	0.0247	0.02492	0.02514	0.02536	0.02559	0.02581	0.02604	0.02626	0.02649	0.02678	0.02691	0.02702	0.02714	0.02726	0.02737	0.02749	0.02761	0.02773	0.02785	0.02792	0.02792	0.02794	0.02805	0.02799	0.02575	0.02378	0.02232	0.02101	0.02005	0.01922	0.0186	0.01802	0.01746	0.0169	0.01638	0.01622	0.01599	0.01577	0.01547	0.01541	0.01506	0.01449	0.01434	0.01443	0.01451	0.01474	0.01437	0.01411	0.01384	0.01357	0.0131	0.01288	0.01338	0.01433	0.01548	0.01658	0.01706	0.01789	0.01882	0.01935	0.01938	0.01929	0.01894	0.01894	0.01887	0.01887	0.01902	0.01902	0.01902	0.01902	0.01833	0.0175	0.01743	0.01812	0.0185	0.0191	0.0199	0.01992	0.01992	0.01992	0.01992	0.01992	0.01992	0.02	0.02043	0.02086	0.0215	0.02236	0.02426	0.02432	0.02432	0.02432	0.02418	0.02418	0.02418	0.02418	0.02418	0.02418	0.02418	0.02418	0.02407	0.02398	0.02449	0.02553	0.02553	0.02524	0.02454	0.02432	0.02444	0.02453	0.0251	0.02584	0.02664	0.02751	0.02782	0.02789	0.0279	0.0279	0.02758	0.02758	0.02758	0.02758	0.02758	0.02758	0.02758	0.02758	0.02769	0.02765	0.02765	0.02765	0.02765	0.02762	0.02762	0.02762	0.02762	0.02762	0.02771	0.02771	0.02774	0.02803	0.02803	0.02803	0.02803	0.02803	0.02803	0.02792	0.02792	0.02792	0.02792	0.02792	0.02792	0.02792	0.02792	0.02792	0.02792	0.02792	0.02792	0.02792	0.02792	0.02792	0.02792	0.02792	0.02792	0.02792	0.02792	0.02795	0.02795	0.02795	0.02799	0.02784	0.02736	0.02687	0.02639	0.02592	0.02547	0.02491	0.02436	0.02381	0.02327	0.02275	0.02223	0.02172	0.02134	0.02069	0.02005	0.01942	0.01882	0.01822	0.01765	0.01687	0.01633	0.01611	0.0159	0.01569	0.01533	0.01509	0.01494	0.01494	0.01494	0.01494	0.01499	0.01508	0.01496	0.0146	0.01389	0.01316	0.01239	0.01152	0.01086	0.01029	0.009698	0.009098	0.008551	0.008056	0.007614	0.007223	0.006885	0.006599	0.006365	0.006183	0.006053	0.006074	0.00605	0.005978	0.00596	0.005996	0.006084	0.006226	0.006507	0.00678	0.007088	0.007204	0.007085	0.006748	0.006443	0.006135	0.005962	0.0059	0.005844	0.005601	0.005187	0.004657	0.004079	0.003527	0.003075	0.00278	0.002653	0.002601	0.002614	0.00269	0.00283	0.003034	0.003301	0.003632	0.004027	0.004486	0.005009	0.005306	0.005317	0.005346	0.005391	0.005453	0.005531	0.005626	0.005738	0.005867	0.006086	0.006219	0.006402	0.006602	0.006818	0.007051	0.007301	0.007536	0.007711	0.007895	0.00809	0.008294	0.008508	0.008732	0.008966	0.009277	0.009563	0.009875	0.0102	0.01052	0.01083	0.01114	0.01147	0.0118	0.01214	0.01249	0.01292	0.01335	0.0138	0.01426	0.01474	0.01515	0.01548	0.01579	0.01604	0.01553	0.0146	0.01375	0.01238	0.01121	0.0105	0.009909	0.009368	0.008883	0.008921	0.00836	0.007937	0.007531	0.007174	0.006875	0.0066	0.006347	0.006311	0.006142	0.005956	0.00579	0.005647	0.005525	0.005424	0.005345	0.005276	0.005281	0.005245	0.005242	0.005193	0.005128	0.005195	0.00517	0.00515	0.005138	0.005138	0.005138	0.005138	0.005138	0.00504	0.005035	0.005047	0.005131	0.005135	0.005135	0.005135	0.005135	0.005135	0.005135	0.005135	0.005135	0.005135	0.005135	0.005189	0.005188	0.005188	0.005188	0.005241	0.005598	0.005956	0.006206	0.006329	0.006452	0.006485	0.006648	0.006695	0.006635	0.006546	0.006457	0.007357	0.007361	0.007682	0.007724	0.007497	0.007532	0.007238	0.007285	0.007285	0.007285	0.007895	0.0085	0.008622	0.008337	0.007812	0.007134	0.006504	0.005903	0.005332	0.00479	0.004279	0.003797	0.003345	0.002922	0.002529	0.002166	0.001833	0.001529	0.001255	0.001011	0.0007967	0.0006119	0.0004965	0.0003775	0.0002843	0.0002169	0.0001752	0.0001381	0.0001172	0.0001319	0.0001784	0.0002652	0.0003676	0.0005429	0.0006942	0.0007845	0.0009531	0.001056	0.001293	0.001795	0.002476	0.003478	0.004122	0.004737
2	0	9.98e-06	5.739e-05	0.0001379	0.0002411	0.0003536	0.0004607	0.0005521	0.0006839	0.0008795	0.00113	0.001467	0.001869	0.002318	0.00278	0.003407	0.004098	0.004692	0.005387	0.006173	0.007022	0.007935	0.008912	0.009895	0.01097	0.01211	0.01331	0.01458	0.0159	0.0173	0.01875	0.02028	0.02175	0.02342	0.02496	0.02677	0.02864	0.03057	0.03257	0.03463	0.03675	0.03887	0.04111	0.04343	0.04581	0.04826	0.05078	0.05316	0.05567	0.05835	0.0611	0.06392	0.06681	0.0695	0.07238	0.07529	0.07826	0.08128	0.08397	0.08683	0.08999	0.0932	0.09653	0.09994	0.1034	0.1069	0.1096	0.1105	0.1117	0.1121	0.1126	0.1132	0.1143	0.1162	0.1186	0.1211	0.1236	0.1256	0.1267	0.1273	0.1278	0.1284	0.1287	0.128	0.1283	0.129	0.1298	0.1306	0.1314	0.1317	0.1321	0.1332	0.1332	0.1329	0.1325	0.1322	0.1319	0.1316	0.1314	0.1311	0.1305	0.1309	0.1312	0.1313	0.1314	0.1316	0.1317	0.1312	0.1306	0.1305	0.1306	0.1306	0.1306	0.1307	0.1307	0.1307	0.1307	0.1307	0.1307	0.1308	0.131	0.1311	0.1313	0.1314	0.1316	0.1319	0.1322	0.1325	0.1328	0.1331	0.1334	0.1337	0.1347	0.1357	0.1365	0.1369	0.1373	0.1377	0.1382	0.1387	0.1392	0.14	0.1406	0.1413	0.1423	0.1432	0.1442	0.1453	0.1462	0.1472	0.1481	0.149	0.1497	0.1499	0.1502	0.1506	0.1507	0.1507	0.1507	0.1508	0.1508	0.1515	0.1518	0.1505	0.1504	0.1506	0.1506	0.1505	0.1504	0.1504	0.1503	0.1502	0.1502	0.1501	0.1498	0.1501	0.1498	0.1495	0.1491	0.1488	0.1485	0.1482	0.1478	0.1475	0.1478	0.1477	0.1477	0.1484	0.1473	0.1469	0.1465	0.1465	0.1462	0.1454	0.1446	0.1438	0.143	0.1422	0.1414	0.1406	0.1387	0.1377	0.1372	0.1368	0.1363	0.1359	0.1354	0.135	0.1346	0.1343	0.1339	0.1336	0.1333	0.133	0.1325	0.1321	0.1316	0.1312	0.1308	0.1304	0.1301	0.1306	0.132	0.1332	0.1344	0.1355	0.1364	0.1376	0.1387	0.1398	0.1416	0.1437	0.1452	0.1465	0.1485	0.1513	0.1549	0.1583	0.1618	0.1655	0.1686	0.1709	0.1734	0.176	0.1784	0.1816	0.1849	0.1883	0.1917	0.1951	0.1985	0.2025	0.2066	0.2108	0.2149	0.2197	0.2247	0.2297	0.2347	0.2398	0.2447	0.2502	0.2557	0.2614	0.267	0.2728	0.2786	0.2844	0.2903	0.2963	0.3024	0.3073	0.3077	0.3081	0.3083	0.3087	0.309	0.3093	0.3096	0.31	0.3103	0.3106	0.3109	0.3113	0.3116	0.3137	0.3159	0.3166	0.3174	0.3182	0.319	0.3185	0.3191	0.3197	0.3199	0.3204	0.3209	0.3212	0.3216	0.3221	0.3225	0.3229	0.3234	0.3238	0.3243	0.3247	0.3252	0.3256	0.3261	0.3265	0.327	0.3275	0.3278	0.328	0.3281	0.3283	0.3279	0.328	0.328	0.328	0.328	0.328	0.328	0.328	0.328	0.328	0.3282	0.3282	0.3282	0.3282	0.3282	0.3282	0.3282	0.3282	0.3283	0.3282	0.3282	0.3282	0.3282	0.3282	0.3282	0.3285	0.3288	0.329	0.3291	0.3293	0.3294	0.3296	0.3297	0.3299	0.3299	0.3299	0.3299	0.3299	0.3302	0.3309	0.3317	0.3325	0.3333	0.3341	0.3349	0.3359	0.335	0.3381	0.3388	0.3402	0.3409	0.3417	0.3421	0.3426	0.343	0.3435	0.3439	0.3443	0.3448	0.3453	0.3458	0.3463	0.3468	0.3468	0.3469	0.3439	0.3413	0.3413	0.3417	0.3419	0.3421	0.3423	0.3475	0.3482	0.3484	0.3487	0.3499	0.3474	0.3441	0.3442	0.3442	0.3451	0.3507	0.354	0.3546	0.355	0.3552	0.3556	0.356	0.3564	0.3567	0.357	0.3568	0.3571	0.3573	0.3533	0.3468	0.3429	0.3374	0.3351	0.335	0.335	0.3349	0.3349	0.3349	0.3348	0.3348	0.3348	0.3348	0.3348	0.3347	0.339	0.338	0.338	0.338	0.3399	0.34	0.34	0.34	0.3385	0.3373	0.3342	0.3341	0.3341	0.3331	0.333	0.3329	0.3328	0.3328	0.3327	0.3317	0.3311	0.331	0.3309	0.3308	0.3286	0.3279	0.3286	0.3284	0.3282	0.328	0.3278	0.3269	0.3263	0.3261	0.3258	0.3256	0.3254	0.3252	0.325	0.3248	0.3246	0.3271	0.3337	0.3408	0.3443	0.3509	0.3581	0.3605	0.3613	0.3618	0.3625	0.3632	0.3611	0.3611
3	0	9.98e-06	5.739e-05	0.0001379	0.0002411	0.0003536	0.0004607	0.0005486	0.0006058	0.0006249	0.0006034	0.0005468	0.0005333	0.0005836	0.0006977	0.0008529	0.001073	0.001356	0.001704	0.002115	0.00259	0.003129	0.003731	0.004398	0.00507	0.005613	0.006028	0.006261	0.006357	0.006502	0.006712	0.006985	0.007272	0.007605	0.008002	0.008462	0.008986	0.009574	0.01023	0.01094	0.01172	0.01256	0.01347	0.01441	0.01537	0.01639	0.01749	0.01864	0.01986	0.02092	0.02087	0.02083	0.02078	0.02073	0.02069	0.02057	0.02035	0.02034	0.02034	0.02034	0.02034	0.02034	0.02034	0.02034	0.02034	0.02034	0.02034	0.02034	0.02034	0.02034	0.02034	0.02038	0.02038	0.02038	0.02034	0.02034	0.02034	0.02034	0.02034	0.02034	0.02034	0.02059	0.02067	0.02077	0.02087	0.02097	0.02108	0.02118	0.02129	0.02137	0.02147	0.02172	0.02188	0.02205	0.02222	0.0223	0.0224	0.02249	0.02258	0.02268	0.02277	0.02287	0.02297	0.02307	0.02317	0.02386	0.02501	0.02589	0.0266	0.02736	0.02798	0.02857	0.0292	0.02987	0.03057	0.03131	0.03208	0.03289	0.03373	0.03522	0.03634	0.03748	0.03865	0.0396	0.04059	0.04187	0.04301	0.04419	0.04541	0.04668	0.048	0.04936	0.05089	0.05278	0.05432	0.05567	0.05708	0.05853	0.06003	0.06157	0.06317	0.06481	0.0665	0.06823	0.07016	0.07251	0.07461	0.0764	0.07823	0.08012	0.08206	0.08406	0.08611	0.08821	0.09036	0.09238	0.09455	0.09644	0.09825	0.1001	0.102	0.1039	0.1059	0.1079	0.1093	0.111	0.1127	0.1144	0.1162	0.118	0.1198	0.1227	0.1254	0.1273	0.1282	0.128	0.127	0.127	0.1281	0.1305	0.1332	0.1359	0.1386	0.1405	0.1423	0.1452	0.1482	0.1515	0.1549	0.1583	0.1618	0.1651	0.1685	0.1719	0.1754	0.179	0.1827	0.1864	0.1901	0.1937	0.1964	0.1993	0.2023	0.2053	0.2084	0.2115	0.2143	0.2162	0.2172	0.2182	0.2193	0.2204	0.2216	0.2228	0.2241	0.2255	0.2269	0.2284	0.23	0.2316	0.2333	0.235	0.2365	0.238	0.2396	0.2412	0.2429	0.2446	0.2464	0.2483	0.2503	0.2523	0.2543	0.2565	0.2587	0.2609	0.2633	0.2656	0.2673	0.269	0.2708	0.2726	0.2745	0.2765	0.2786	0.2807	0.2836	0.2866	0.2897	0.2929	0.2961	0.2993	0.3027	0.3061	0.3095	0.3129	0.3166	0.3215	0.3277	0.334	0.3404	0.3464	0.3531	0.3598	0.3666	0.3734	0.3803	0.3873	0.3943	0.4014	0.4086	0.4158	0.4231	0.4301	0.4367	0.4438	0.4444	0.445	0.445	0.445	0.445	0.445	0.445	0.4449	0.4446	0.4446	0.4446	0.4446	0.4446	0.4446	0.4446	0.4446	0.4453	0.4457	0.4461	0.4466	0.4476	0.4488	0.4479	0.4461	0.4444	0.4428	0.4417	0.4399	0.4381	0.4363	0.4345	0.4328	0.431	0.4293	0.4264	0.4223	0.4204	0.4209	0.4237	0.4284	0.4323	0.4345	0.4361	0.4378	0.4396	0.4414	0.4433	0.4453	0.4473	0.4493	0.4515	0.4536	0.4567	0.4615	0.4663	0.4712	0.4761	0.4802	0.4807	0.4822	0.4836	0.4851	0.4866	0.4881	0.4876	0.4886	0.4896	0.4905	0.4915	0.4925	0.4935	0.4946	0.4956	0.4966	0.4988	0.5017	0.5035	0.5031	0.5032	0.5034	0.5037	0.5039	0.5041	0.5044	0.5042	0.5043	0.5043	0.5043	0.5043	0.5043	0.5043	0.5043	0.5043	0.5044	0.5047	0.5048	0.5049	0.5061	0.5066	0.5072	0.5077	0.5083	0.5088	0.5094	0.5093	0.5098	0.5101	0.5112	0.5117	0.5123	0.5139	0.5148	0.5157	0.5166	0.5175	0.5185	0.5194	0.5204	0.5213	0.5223	0.5229	0.5225	0.5228	0.5233	0.5241	0.5246	0.5247	0.5248	0.5246	0.5247	0.5247	0.5247	0.5247	0.5247	0.5247	0.5249	0.5249	0.5249	0.5253	0.5253	0.5253	0.5253	0.5253	0.5253	0.5246	0.5246	0.5246	0.5249	0.5249	0.5249	0.5249	0.5249	0.5249	0.5249	0.5249	0.5255	0.5255	0.5254	0.5254	0.5254	0.5254	0.5254	0.5254	0.5254	0.5254	0.5254	0.5254	0.5254	0.5254	0.5256	0.5256	0.5256	0.5258	0.5263	0.5266	0.5262	0.5271	0.529	0.5309	0.5322	0.5311	0.5275	0.5227	0.5168	0.5109	0.5051	0.4994	0.4937	0.4881	0.4826	0.4774	0.4713	0.4652	0.4592	0.4536	0.4481	0.4426	0.4377	0.431	0.424	0.4171	0.4102	0.4034	0.3967	0.39
4	0	1.443e-05	8.922e-05	0.0002278	0.0004301	0.0006963	0.001026	0.00142	0.001877	0.002399	0.002984	0.003496	0.004151	0.004873	0.005659	0.006509	0.007423	0.0084	0.009441	0.01055	0.01171	0.01295	0.01424	0.0156	0.01703	0.01852	0.02007	0.02168	0.0232	0.02489	0.02664	0.02719	0.02778	0.02773	0.0279	0.02815	0.0282	0.02778	0.02786	0.02794	0.02841	0.02856	0.02969	0.03165	0.03369	0.03579	0.03761	0.03969	0.04185	0.04408	0.04629	0.04824	0.05021	0.05227	0.05438	0.05639	0.05891	0.06149	0.06413	0.06617	0.06839	0.07067	0.07302	0.07544	0.07792	0.08046	0.08306	0.08573	0.08846	0.09126	0.09412	0.09702	0.1001	0.1033	0.1066	0.1099	0.1131	0.1167	0.1203	0.1237	0.1276	0.1316	0.1356	0.1395	0.1436	0.1477	0.1519	0.1562	0.1605	0.1645	0.168	0.1718	0.1757	0.1796	0.1836	0.1877	0.1914	0.1951	0.1993	0.2036	0.208	0.2124	0.2165	0.2216	0.2267	0.2318	0.2361	0.2403	0.2444	0.2486	0.2528	0.2567	0.2613	0.267	0.2729	0.2788	0.2847	0.2908	0.2967	0.3028	0.3091	0.3154	0.3218	0.3282	0.3347	0.3413	0.3479	0.3546	0.3613	0.3682	0.3751	0.382	0.389	0.3961	0.4032	0.4101	0.4171	0.4208	0.4219	0.4231	0.4243	0.4254	0.4266	0.4278	0.429	0.4301	0.4317	0.4332	0.4347	0.4363	0.4376	0.4384	0.4392	0.4401	0.4409	0.4417	0.4445	0.4471	0.4511	0.4565	0.4602	0.4642	0.4681	0.4721	0.4761	0.4802	0.4843	0.4885	0.4929	0.4977	0.5018	0.5055	0.5092	0.513	0.5169	0.5208	0.5243	0.5273	0.5303	0.5334	0.5365	0.5396	0.5438	0.5472	0.5506	0.5541	0.5577	0.561	0.5636	0.5662	0.5681	0.5707	0.5733	0.576	0.5787	0.5815	0.5843	0.5871	0.59	0.5928	0.5947	0.5967	0.6006	0.6028	0.6052	0.6075	0.6099	0.6124	0.6149	0.6174	0.62	0.6227	0.6246	0.6262	0.6279	0.6296	0.6314	0.6331	0.635	0.6384	0.6419	0.6442	0.6466	0.6489	0.6511	0.6525	0.6539	0.6545	0.656	0.6574	0.6589	0.6604	0.662	0.662	0.6635	0.6649	0.6664	0.6679	0.669	0.6697	0.6703	0.6711	0.6718	0.675	0.6772	0.6783	0.6795	0.6807	0.6835	0.6868	0.6891	0.6908	0.6895	0.6857	0.6833	0.6825	0.6835	0.6859	0.6876	0.6866	0.6863	0.6852	0.6841	0.6837	0.6835	0.6823	0.6776	0.6768	0.6761	0.6754	0.6746	0.6739	0.6733	0.6726	0.6719	0.6713	0.67	0.6679	0.6675	0.6672	0.6669	0.6666	0.6662	0.6659	0.6656	0.6653	0.6663	0.6656	0.6647	0.6626	0.6621	0.6617	0.6612	0.6607	0.6603	0.6598	0.6594	0.6589	0.6584	0.658	0.6576	0.6571	0.6567	0.6562	0.6558	0.6541	0.6531	0.6547	0.6587	0.6639	0.6671	0.6692	0.6714	0.6736	0.6759	0.6782	0.6806	0.6829	0.6844	0.6859	0.6844	0.6858	0.6873	0.6888	0.6893	0.6899	0.6905	0.6912	0.694	0.6948	0.6956	0.6965	0.6975	0.6985	0.6996	0.7005	0.7006	0.7008	0.701	0.7012	0.7015	0.7018	0.7021	0.7023	0.7053	0.7072	0.7051	0.7034	0.7031	0.7031	0.7083	0.7094	0.7091	0.7089	0.7089	0.7091	0.7088	0.7086	0.7082	0.7071	0.7052	0.7054	0.7044	0.7048	0.7057	0.7049	0.7042	0.7037	0.7032	0.7027	0.7013	0.7	0.6984	0.6968	0.6952	0.6972	0.6971	0.6963	0.6955	0.6947	0.6939	0.6932	0.6924	0.6934	0.695	0.6941	0.6933	0.6925	0.6908	0.6892	0.6846	0.6791	0.6776	0.6776	0.6776	0.6776	0.6776	0.6775	0.6775	0.6769	0.6726	0.6713	0.6713	0.6713	0.6713	0.6713	0.6713	0.6713	0.6713	0.6713	0.6713	0.6685	0.6684	0.6684	0.6684	0.6668	0.6546	0.6415	0.6411	0.6429	0.6444	0.6473	0.6487	0.6528	0.6645	0.6775	0.6913	0.6866	0.6863	0.6832	0.6836	0.6872	0.6876	0.6908	0.6913	0.6913	0.6913	0.682	0.6724	0.6561	0.642	0.6303	0.6245	0.6188	0.6132	0.6076	0.602	0.5964	0.5909	0.5854	0.5799	0.5745	0.569	0.5637	0.5583	0.553	0.5477	0.5424	0.5372	0.5309	0.5263	0.5217	0.5171	0.5126	0.5042	0.5006	0.4973	0.495	0.4934	0.4913	0.4897	0.4881	0.4866	0.4865	0.4835	0.4817	0.482	0.4832	0.4848	0.4819	0.4777
5	0	1.118e-05	8.064e-05	0.0002139	0.0004034	0.0006593	0.0009804	0.001365	0.001814	0.002327	0.002903	0.003543	0.004222	0.004942	0.005758	0.006638	0.007581	0.008588	0.009576	0.01071	0.01191	0.01318	0.01451	0.0159	0.01735	0.01887	0.02046	0.0221	0.02381	0.02559	0.02743	0.02933	0.0313	0.03332	0.03535	0.03703	0.03878	0.04071	0.0427	0.04476	0.04688	0.04906	0.05131	0.05362	0.05599	0.05843	0.06094	0.0635	0.06613	0.06882	0.07158	0.07403	0.07686	0.08002	0.08301	0.08596	0.08897	0.09204	0.09543	0.09881	0.102	0.1053	0.1085	0.1119	0.1154	0.1189	0.1232	0.1291	0.1346	0.1413	0.1482	0.1556	0.1628	0.169	0.1717	0.1744	0.177	0.1753	0.1744	0.1747	0.1751	0.1756	0.1764	0.1795	0.1812	0.1814	0.1816	0.1818	0.1813	0.181	0.1808	0.1786	0.1767	0.1755	0.1743	0.1731	0.172	0.1708	0.1697	0.1686	0.1681	0.1658	0.1651	0.1646	0.1642	0.1637	0.1633	0.1639	0.1644	0.1635	0.1631	0.1628	0.1625	0.1622	0.1619	0.1616	0.1614	0.1611	0.1614	0.1611	0.1608	0.1606	0.1603	0.16	0.1599	0.16	0.1597	0.1595	0.1593	0.159	0.1588	0.1586	0.1592	0.158	0.1564	0.1557	0.155	0.1544	0.1538	0.1532	0.1526	0.152	0.1515	0.1511	0.1506	0.1504	0.1498	0.1489	0.1486	0.1483	0.148	0.1478	0.1478	0.1484	0.1493	0.1494	0.1488	0.1481	0.1474	0.1468	0.1462	0.1458	0.1452	0.1449	0.1448	0.1447	0.1447	0.1446	0.1445	0.1444	0.1443	0.1442	0.1442	0.1441	0.1439	0.1439	0.1437	0.1436	0.1434	0.1433	0.1431	0.1429	0.1428	0.1426	0.1426	0.1427	0.1427	0.1425	0.1422	0.1419	0.1415	0.141	0.1404	0.1397	0.1391	0.1385	0.1378	0.1372	0.1366	0.136	0.1354	0.1344	0.1344	0.1344	0.1344	0.1343	0.1343	0.1343	0.1343	0.1344	0.1345	0.1346	0.1346	0.1347	0.1341	0.1339	0.1337	0.1335	0.1333	0.1331	0.1331	0.1339	0.1342	0.135	0.1359	0.1365	0.1366	0.137	0.1375	0.1371	0.1354	0.1329	0.1322	0.1322	0.132	0.1318	0.1324	0.1342	0.1368	0.14	0.1434	0.1465	0.1499	0.1534	0.1567	0.1601	0.1636	0.1669	0.1704	0.175	0.1796	0.1842	0.189	0.1938	0.1987	0.2036	0.2069	0.2067	0.2072	0.2088	0.2112	0.2127	0.2128	0.2115	0.2086	0.2053	0.2021	0.199	0.1959	0.1933	0.1909	0.1886	0.1864	0.1843	0.1822	0.1799	0.1773	0.1748	0.1723	0.17	0.1676	0.1654	0.1632	0.161	0.1589	0.1561	0.1533	0.1506	0.1482	0.1451	0.1417	0.139	0.1366	0.1343	0.132	0.1298	0.1278	0.126	0.1242	0.1225	0.1209	0.1193	0.1177	0.1163	0.1149	0.1134	0.1111	0.109	0.1068	0.1048	0.1028	0.1009	0.09911	0.09706	0.09409	0.09115	0.08828	0.08547	0.08288	0.08016	0.07767	0.07458	0.07153	0.06855	0.06563	0.0629	0.06043	0.05828	0.05647	0.05523	0.05472	0.05502	0.05607	0.05775	0.06002	0.06267	0.0654	0.06821	0.07109	0.07403	0.07694	0.08006	0.08323	0.08648	0.08978	0.09315	0.09658	0.1001	0.1036	0.1073	0.1109	0.1147	0.1185	0.1224	0.126	0.1298	0.1338	0.1378	0.1419	0.146	0.1502	0.1544	0.1585	0.1621	0.1655	0.1692	0.1731	0.177	0.181	0.185	0.1892	0.1933	0.1976	0.2019	0.2062	0.2085	0.2085	0.2086	0.2086	0.2085	0.2086	0.2062	0.2041	0.2024	0.2026	0.2027	0.2028	0.2029	0.2068	0.2073	0.2074	0.2075	0.2083	0.2087	0.2094	0.2095	0.2095	0.2091	0.2069	0.2072	0.2074	0.2076	0.2076	0.2065	0.2001	0.1964	0.2002	0.2044	0.2085	0.2085	0.2086	0.2079	0.2083	0.2098	0.2122	0.2134	0.2135	0.2134	0.2134	0.2134	0.2134	0.2134	0.2134	0.2134	0.2134	0.2134	0.2133	0.213	0.2135	0.2135	0.2135	0.2124	0.2123	0.2123	0.2123	0.2129	0.2129	0.2128	0.2128	0.2127	0.2127	0.2127	0.2126	0.2126	0.2126	0.2126	0.213	0.213	0.213	0.2129	0.2129	0.2128	0.2125	0.2127	0.2127	0.2127	0.2126	0.2126	0.2131	0.213	0.213	0.213	0.213	0.213	0.2129	0.2129	0.213	0.213	0.2123	0.2115	0.2104	0.2115	0.2099	0.2082	0.204	0.1995	0.1965	0.1975	0.1992	0.1995	0.1984
6	0	9.98e-06	6.176e-05	0.0001715	0.0003454	0.0006091	0.0009393	0.001212	0.001535	0.001901	0.002324	0.002811	0.003342	0.003974	0.00467	0.00543	0.006254	0.007141	0.008092	0.009107	0.01019	0.01133	0.01253	0.01381	0.01514	0.01654	0.018	0.01952	0.02111	0.02277	0.02436	0.0246	0.02489	0.02489	0.02501	0.02501	0.02495	0.02461	0.0245	0.02438	0.02455	0.02432	0.02533	0.027	0.02875	0.03035	0.03209	0.0339	0.03576	0.0377	0.03969	0.04175	0.04387	0.04606	0.04831	0.05062	0.053	0.05544	0.05787	0.06034	0.0629	0.06517	0.06749	0.07036	0.07321	0.07544	0.07792	0.08024	0.08312	0.08622	0.08939	0.09262	0.09592	0.09928	0.1027	0.1062	0.1097	0.1134	0.117	0.1208	0.1246	0.1285	0.1324	0.1364	0.1404	0.1446	0.1488	0.153	0.1573	0.1615	0.1659	0.1672	0.1673	0.1673	0.1674	0.1674	0.1675	0.1675	0.1678	0.1676	0.1676	0.1676	0.1676	0.1676	0.1676	0.1676	0.1676	0.1676	0.1673	0.1673	0.1673	0.1673	0.1673	0.1673	0.1673	0.1673	0.1673	0.1673	0.1673	0.1673	0.1673	0.1673	0.1673	0.1675	0.1675	0.1675	0.1675	0.1675	0.1675	0.1673	0.1673	0.1673	0.1673	0.1673	0.1673	0.1673	0.1673	0.1673	0.1673	0.1673	0.1673	0.1673	0.1673	0.1673	0.1673	0.1673	0.1673	0.1673	0.1673	0.1673	0.1673	0.1673	0.1674	0.1674	0.1674	0.1674	0.1674	0.1674	0.1674	0.1674	0.1674	0.1674	0.1674	0.1674	0.1674	0.1675	0.1675	0.1675	0.1675	0.1683	0.1685	0.1687	0.1685	0.1684	0.1682	0.1681	0.1679	0.1678	0.1677	0.1677	0.1676	0.1675	0.1675	0.1674	0.1674	0.1674	0.1668	0.1668	0.1668	0.1669	0.1669	0.166	0.1659	0.1659	0.1659	0.1658	0.1658	0.1658	0.1659	0.1659	0.1659	0.1659	0.1659	0.1659	0.1659	0.1659	0.1659	0.1659	0.1659	0.1659	0.1659	0.1659	0.1659	0.1659	0.1659	0.1659	0.1659	0.1659	0.1659	0.1659	0.1659	0.1659	0.1659	0.1659	0.1659	0.1659	0.1662	0.1662	0.1662	0.1662	0.1661	0.1661	0.166	0.166	0.1657	0.1657	0.1657	0.1658	0.1658	0.1658	0.1659	0.1663	0.1678	0.1692	0.1695	0.1697	0.17	0.1699	0.1698	0.1697	0.1697	0.1697	0.1697	0.1698	0.1698	0.1699	0.17	0.1687	0.1701	0.1708	0.1712	0.1711	0.1723	0.1723	0.1723	0.1723	0.1724	0.1734	0.1736	0.1738	0.174	0.1743	0.1745	0.174	0.1741	0.174	0.174	0.1737	0.1737	0.1738	0.1738	0.1747	0.1753	0.1754	0.1756	0.1758	0.1761	0.1774	0.1789	0.18	0.1799	0.18	0.18	0.1805	0.181	0.1814	0.1818	0.1823	0.1829	0.1835	0.1841	0.1841	0.1843	0.1844	0.1839	0.1835	0.1832	0.1829	0.1827	0.1826	0.1836	0.1849	0.1863	0.1864	0.1856	0.1858	0.186	0.1869	0.1876	0.1879	0.1884	0.1888	0.1891	0.1892	0.1892	0.1893	0.1895	0.1896	0.1898	0.1901	0.1903	0.1906	0.191	0.1928	0.1939	0.1951	0.1957	0.1958	0.1959	0.1961	0.1964	0.1967	0.1971	0.1975	0.1983	0.199	0.1998	0.2006	0.2009	0.2011	0.2014	0.2005	0.2008	0.2012	0.2017	0.2022	0.2027	0.203	0.2031	0.2032	0.2033	0.2035	0.2038	0.2046	0.2049	0.2053	0.2058	0.2052	0.2056	0.206	0.2061	0.2062	0.2063	0.2064	0.2066	0.2067	0.207	0.2072	0.2075	0.2078	0.2081	0.2085	0.2089	0.2093	0.2096	0.2097	0.2097	0.2108	0.2109	0.2111	0.2113	0.2115	0.2117	0.2134	0.2146	0.2156	0.2166	0.2176	0.2179	0.218	0.2182	0.2184	0.2186	0.2189	0.2193	0.2197	0.2201	0.2207	0.221	0.221	0.2211	0.2212	0.2222	0.2226	0.2232	0.2238	0.2245	0.2252	0.226	0.2267	0.227	0.227	0.2271	0.2273	0.2276	0.2279	0.2282	0.2287	0.2291	0.2295	0.2295	0.2295	0.2295	0.2291	0.2264	0.2265	0.228	0.2296	0.2297	0.2283	0.2269	0.2256	0.2243	0.2237	0.2233	0.223	0.2226	0.222	0.2215	0.221	0.2206	0.2203	0.22	0.2198	0.2198	0.2205	0.2213	0.222	0.223	0.2247	0.2264	0.2281	0.2305	0.2338	0.2337	0.2341	0.2341	0.2341	0.2341	0.2342	0.2342	0.2343	0.2345	0.2346	0.2348	0.235	0.2352	0.2355	0.2353	0.2352	0.2351
7	0	9.98e-06	7.203e-05	0.0001993	0.0003903	0.0006451	0.0009636	0.001328	0.00177	0.002276	0.002845	0.003479	0.004176	0.004936	0.005761	0.006649	0.007489	0.008353	0.009416	0.01054	0.01174	0.01299	0.01431	0.01558	0.01679	0.01818	0.01903	0.01949	0.01995	0.02042	0.0209	0.02139	0.02189	0.02278	0.02395	0.02504	0.02601	0.0268	0.02757	0.02788	0.02823	0.02833	0.02834	0.02836	0.02838	0.02839	0.02841	0.02842	0.02844	0.02855	0.02868	0.02881	0.02894	0.02908	0.02921	0.02935	0.02961	0.02986	0.03012	0.03038	0.03064	0.0309	0.03117	0.03144	0.0317	0.0321	0.0322	0.03222	0.03223	0.03228	0.03236	0.03236	0.03236	0.03248	0.03263	0.03277	0.03286	0.03286	0.03287	0.03303	0.03386	0.03538	0.03736	0.03956	0.04095	0.04177	0.0422	0.04284	0.04358	0.04432	0.04508	0.04556	0.04565	0.04685	0.04806	0.05008	0.05122	0.05214	0.05417	0.05588	0.05636	0.05654	0.05707	0.05672	0.05645	0.05617	0.05589	0.05515	0.05507	0.05617	0.05743	0.05821	0.05825	0.05695	0.05546	0.05442	0.05425	0.05429	0.05427	0.05434	0.05434	0.0543	0.0543	0.05435	0.05435	0.05435	0.05435	0.05343	0.05162	0.0493	0.04718	0.04644	0.04524	0.04509	0.04506	0.04506	0.04506	0.04506	0.04506	0.04506	0.04487	0.04437	0.04379	0.0426	0.04149	0.04201	0.04196	0.04196	0.04196	0.04192	0.04192	0.04192	0.04192	0.04192	0.04192	0.04192	0.04192	0.04188	0.04184	0.04235	0.04318	0.04318	0.04319	0.04341	0.04327	0.04231	0.04072	0.03982	0.03766	0.03571	0.03362	0.03159	0.02963	0.02787	0.02601	0.02423	0.0225	0.02084	0.01924	0.01771	0.01624	0.01484	0.01349	0.01222	0.01118	0.01031	0.009546	0.008802	0.008121	0.007505	0.006952	0.006474	0.005871	0.005215	0.004592	0.004082	0.003752	0.003645	0.003775	0.004124	0.004729	0.005403	0.006142	0.006944	0.007809	0.008739	0.009732	0.01079	0.01191	0.01307	0.01434	0.01568	0.01708	0.01855	0.02008	0.02167	0.02325	0.02494	0.02669	0.02851	0.03032	0.03229	0.03432	0.03642	0.03858	0.04055	0.04285	0.04522	0.04764	0.05014	0.05269	0.05531	0.058	0.06065	0.0632	0.06603	0.06893	0.0719	0.07492	0.07801	0.08106	0.08428	0.08758	0.09095	0.09438	0.09787	0.1014	0.1049	0.1086	0.1124	0.1162	0.1201	0.124	0.128	0.1321	0.1343	0.1365	0.1385	0.1403	0.1421	0.1439	0.1457	0.1475	0.1494	0.151	0.1527	0.1544	0.1558	0.1572	0.1582	0.1591	0.16	0.1608	0.1617	0.1626	0.1635	0.1651	0.1665	0.1679	0.1693	0.1708	0.1722	0.1737	0.1752	0.1779	0.1817	0.1856	0.1894	0.1936	0.1971	0.2004	0.2038	0.2069	0.2097	0.2125	0.2153	0.2187	0.2222	0.2256	0.229	0.2324	0.2356	0.2384	0.2408	0.2432	0.2457	0.2482	0.2507	0.2533	0.2559	0.2585	0.2621	0.2663	0.2696	0.2731	0.2764	0.2791	0.2819	0.2847	0.2875	0.2904	0.2933	0.2962	0.2991	0.3021	0.3051	0.3082	0.3112	0.3143	0.3175	0.3201	0.3225	0.3246	0.327	0.3292	0.3314	0.3336	0.3373	0.3404	0.3434	0.3465	0.3496	0.3528	0.3559	0.3591	0.3621	0.3639	0.3661	0.3681	0.37	0.3742	0.379	0.3841	0.3885	0.3913	0.3935	0.3957	0.3979	0.4001	0.4024	0.4047	0.4075	0.4122	0.4173	0.4156	0.4185	0.419	0.4215	0.423	0.4246	0.4262	0.4277	0.4274	0.4289	0.4304	0.4319	0.4335	0.435	0.4366	0.4426	0.4527	0.4576	0.4623	0.4631	0.4641	0.4647	0.4652	0.4658	0.4647	0.4652	0.4659	0.4667	0.4663	0.4627	0.46	0.4604	0.4605	0.4605	0.4608	0.4607	0.4623	0.4636	0.4648	0.4658	0.466	0.4658	0.4651	0.4645	0.4639	0.4634	0.4635	0.4638	0.4589	0.4563	0.4534	0.4518	0.4517	0.4512	0.4507	0.4502	0.4498	0.4496	0.4498	0.451	0.453	0.4551	0.4573	0.4595	0.4631	0.4679	0.4727	0.4777	0.4827	0.4877	0.4928	0.498	0.5032	0.5086	0.5137	0.519	0.5252	0.5318	0.5391	0.5468	0.5545	0.5621	0.5701	0.5783	0.5865	0.5919	0.5919	0.5919	0.5919	0.5919	0.5923	0.5923	0.5924	0.5925	0.5925	0.5926	0.5927	0.5928	0.5928	0.5929	0.593	0.5931	0.593	0.5931	0.5931	0.5933	0.5934	0.5934	0.5934	0.5934	0.5932	0.5932	0.5932	0.5932	0.5935	0.5935	0.5935
8	0	1.118e-05	6.889e-05	0.0001941	0.000383	0.0006357	0.0009522	0.001332	0.001777	0.002178	0.002641	0.0032	0.003822	0.004453	0.005058	0.005761	0.006529	0.00736	0.008116	0.008947	0.009753	0.01043	0.01093	0.01148	0.01209	0.01276	0.01348	0.01435	0.01529	0.01629	0.01735	0.01848	0.01963	0.0208	0.02204	0.02335	0.02472	0.02615	0.02764	0.0292	0.03083	0.03251	0.03426	0.03608	0.03796	0.0399	0.04184	0.0437	0.04608	0.04851	0.05102	0.05358	0.05621	0.05882	0.06153	0.06432	0.0669	0.06971	0.07259	0.07553	0.07853	0.0816	0.08473	0.08793	0.09043	0.09242	0.09436	0.09619	0.0974	0.09863	0.09992	0.1013	0.1027	0.1042	0.1057	0.1073	0.109	0.1107	0.1124	0.1131	0.1127	0.1114	0.11	0.1086	0.1077	0.1075	0.1074	0.1073	0.1073	0.1074	0.1075	0.1077	0.1079	0.108	0.1081	0.1083	0.1085	0.1088	0.1092	0.1096	0.1101	0.1107	0.1118	0.113	0.1138	0.1146	0.1155	0.1164	0.1174	0.1194	0.1217	0.1242	0.1266	0.1292	0.132	0.1349	0.1379	0.1409	0.144	0.1471	0.1503	0.1536	0.157	0.1604	0.1637	0.1676	0.1711	0.1747	0.1784	0.1822	0.1861	0.19	0.1929	0.1959	0.199	0.2019	0.2055	0.2096	0.2138	0.2186	0.2235	0.2284	0.2329	0.2373	0.2424	0.2478	0.2533	0.2588	0.2644	0.2699	0.2749	0.2795	0.2834	0.2861	0.2873	0.2868	0.2847	0.281	0.2773	0.2736	0.27	0.2665	0.2631	0.2597	0.2563	0.2533	0.2494	0.2456	0.2411	0.2366	0.2322	0.2279	0.2234	0.219	0.2146	0.2103	0.206	0.2019	0.1977	0.1937	0.1897	0.1857	0.1819	0.1781	0.174	0.1699	0.1663	0.1628	0.1593	0.1559	0.1525	0.1492	0.1459	0.1428	0.14	0.1373	0.1345	0.1308	0.1275	0.1238	0.1202	0.1167	0.1132	0.1098	0.1064	0.1032	0.09995	0.0968	0.09371	0.09069	0.08789	0.08511	0.0824	0.07975	0.07717	0.07465	0.0722	0.0698	0.06748	0.06521	0.06301	0.06087	0.0588	0.05679	0.05485	0.05296	0.05115	0.04964	0.04869	0.04781	0.04699	0.04624	0.04555	0.04493	0.04419	0.04305	0.04197	0.04095	0.04026	0.03967	0.03915	0.03869	0.03829	0.03796	0.03769	0.03749	0.03734	0.03727	0.03725	0.0373	0.03742	0.03759	0.03783	0.03814	0.03855	0.03913	0.03978	0.0405	0.04101	0.04153	0.04211	0.04276	0.04347	0.04424	0.04508	0.04598	0.04695	0.04798	0.04907	0.05023	0.05145	0.05273	0.05408	0.05546	0.05709	0.05878	0.06054	0.06236	0.06425	0.06622	0.06852	0.07088	0.07322	0.07583	0.07851	0.08115	0.0837	0.08696	0.09013	0.09346	0.09686	0.1003	0.1038	0.1074	0.1111	0.1148	0.1186	0.1222	0.126	0.1299	0.1339	0.1379	0.142	0.1462	0.1504	0.1547	0.159	0.1631	0.1663	0.1697	0.1732	0.1768	0.1804	0.1841	0.1852	0.1841	0.1841	0.1841	0.1841	0.1841	0.184	0.184	0.184	0.184	0.184	0.184	0.184	0.184	0.184	0.184	0.1841	0.1841	0.1841	0.1841	0.1841	0.1841	0.1841	0.1841	0.1841	0.1841	0.1841	0.1841	0.1841	0.1842	0.1831	0.1857	0.1864	0.1871	0.1879	0.1884	0.1871	0.1883	0.1916	0.1941	0.1954	0.1962	0.1971	0.1981	0.1989	0.1996	0.2001	0.2017	0.203	0.2045	0.2063	0.2082	0.2101	0.2106	0.2093	0.2101	0.2111	0.2114	0.2117	0.2121	0.2124	0.2089	0.2089	0.2093	0.2097	0.2102	0.2107	0.2112	0.2117	0.2107	0.2096	0.2103	0.2111	0.2121	0.2137	0.2142	0.2129	0.2106	0.2085	0.206	0.2036	0.2014	0.1983	0.1942	0.1901	0.1861	0.1822	0.1783	0.1745	0.1707	0.1671	0.1634	0.1599	0.1564	0.153	0.1496	0.1469	0.1441	0.1413	0.1391	0.138	0.1381	0.1395	0.1421	0.1448	0.1475	0.1503	0.1532	0.1562	0.1592	0.1622	0.1653	0.1685	0.171	0.1735	0.1761	0.1787	0.1815	0.1845	0.1877	0.1909	0.1944	0.198	0.2016	0.2053	0.209	0.2129	0.2167	0.2207	0.2247	0.228	0.2313	0.2346	0.238	0.2415	0.2451	0.2486	0.2523	0.256	0.2598	0.2637	0.2676	0.2716	0.2756	0.2797	0.2835	0.2886	0.2927	0.2941	0.2957	0.2985	0.2999	0.3002	0.3006	0.3009	0.3014	0.3019	0.3024	0.3038	0.3035	0.3023	0.3011	0.3	0.2989	0.2979	0.297	0.2961
9	0	1.443e-05	8.922e-05	0.0002278	0.0004301	0.0006963	0.001026	0.001335	0.001648	0.00204	0.002498	0.00302	0.003605	0.004131	0.004673	0.005295	0.005981	0.00673	0.007543	0.00842	0.009334	0.01037	0.01139	0.0124	0.0124	0.0124	0.0124	0.0124	0.0124	0.0124	0.0124	0.0124	0.0124	0.0124	0.0124	0.01239	0.01237	0.0125	0.0129	0.01354	0.01401	0.01416	0.01397	0.01341	0.01273	0.01221	0.01197	0.01181	0.01171	0.01167	0.0117	0.01186	0.01218	0.01257	0.01302	0.01354	0.01412	0.01476	0.01547	0.01624	0.01708	0.01795	0.019	0.0201	0.02128	0.02251	0.02377	0.02501	0.02657	0.02845	0.03038	0.03238	0.03445	0.03657	0.03876	0.04102	0.04305	0.04372	0.04448	0.04515	0.04583	0.04652	0.04722	0.04794	0.04866	0.04976	0.05074	0.05175	0.05278	0.05382	0.05489	0.05597	0.05687	0.05772	0.0583	0.05849	0.05828	0.05756	0.0562	0.05438	0.05233	0.05003	0.04766	0.04588	0.04398	0.04215	0.04056	0.03855	0.03649	0.03449	0.03256	0.03069	0.02889	0.02715	0.02547	0.02406	0.02268	0.02106	0.0195	0.018	0.01661	0.01527	0.01399	0.01292	0.01205	0.01119	0.0104	0.009665	0.008991	0.008325	0.007723	0.007185	0.006711	0.006295	0.005888	0.005544	0.005265	0.005049	0.004897	0.004808	0.004784	0.004823	0.004984	0.005387	0.006038	0.00688	0.007786	0.008756	0.009789	0.01089	0.01205	0.01241	0.01241	0.01241	0.01241	0.01241	0.01241	0.01244	0.01244	0.01244	0.01243	0.01235	0.01234	0.01236	0.01246	0.01246	0.01245	0.01245	0.01245	0.01281	0.01282	0.01283	0.01298	0.01303	0.01311	0.01318	0.0132	0.01323	0.01327	0.01332	0.01323	0.01322	0.01326	0.01331	0.01336	0.01348	0.01345	0.01351	0.01355	0.01359	0.01363	0.01367	0.01371	0.01376	0.0138	0.01385	0.0139	0.01395	0.014	0.01405	0.01411	0.01416	0.01421	0.01423	0.01423	0.01423	0.01423	0.01423	0.01423	0.01423	0.01423	0.01423	0.01423	0.01423	0.01423	0.01423	0.01429	0.01451	0.01442	0.01455	0.0149	0.01502	0.01497	0.01475	0.01449	0.01424	0.01404	0.01389	0.01378	0.01372	0.01364	0.01356	0.01349	0.01275	0.01223	0.01205	0.01205	0.01205	0.01207	0.01209	0.01212	0.0126	0.01345	0.01399	0.01454	0.01481	0.0152	0.01497	0.01516	0.01538	0.01563	0.01591	0.01621	0.01655	0.01722	0.01757	0.01795	0.01897	0.02006	0.02082	0.02146	0.02197	0.02293	0.02351	0.02412	0.02476	0.02544	0.02653	0.02755	0.0284	0.02925	0.03014	0.03106	0.03209	0.03286	0.03356	0.03428	0.03477	0.03545	0.03621	0.03713	0.03833	0.03969	0.04063	0.04159	0.04258	0.0436	0.04532	0.04741	0.04819	0.04881	0.04938	0.05	0.05051	0.05113	0.05195	0.05273	0.05353	0.05434	0.05516	0.05599	0.05683	0.05763	0.05843	0.05887	0.05929	0.0598	0.06008	0.06035	0.06061	0.06063	0.06064	0.06064	0.06064	0.06064	0.06065	0.06065	0.06065	0.06065	0.06089	0.06092	0.06092	0.06116	0.0616	0.06138	0.06098	0.06058	0.06044	0.05952	0.05855	0.05758	0.05638	0.05556	0.05477	0.054	0.05323	0.05247	0.05172	0.05098	0.05026	0.04911	0.04863	0.04818	0.04773	0.04729	0.04685	0.04641	0.04598	0.04556	0.04513	0.04472	0.0441	0.04393	0.04382	0.04385	0.04353	0.0427	0.04187	0.04105	0.04025	0.03946	0.03869	0.03759	0.03705	0.03653	0.03601	0.0355	0.035	0.03451	0.03403	0.03327	0.03284	0.03241	0.03223	0.03206	0.03189	0.03172	0.03155	0.03138	0.03122	0.03106	0.03089	0.03073	0.03057	0.03041	0.03025	0.03009	0.02985	0.02967	0.02961	0.02958	0.02949	0.02938	0.02928	0.02918	0.02908	0.0289	0.02842	0.0284	0.0285	0.02853	0.02853	0.02853	0.02853	0.02853	0.02853	0.02851	0.02851	0.02854	0.02854	0.02854	0.02854	0.02854	0.02855	0.02856	0.02856	0.02856	0.02856	0.02867	0.02939	0.02991	0.03046	0.03102	0.0316	0.0322	0.0328	0.03343	0.03406	0.03471	0.03537	0.03605	0.03674	0.03745	0.03817	0.03878	0.03936	0.03978	0.04021	0.04063	0.04106	0.0415	0.04194	0.04222	0.04243	0.04291	0.04327	0.04329	0.04298	0.04214	0.04081	0.03916	0.0374	0.03576	0.03423	0.03268	0.0312	0.02989	0.02914	0.02866	0.02825	0.02774	0.02705	0.02644	0.02588	0.02537	0.02472	0.02388	0.02274	0.02144	0.02015	0.019	0.0178	0.01667	0.0156	0.0146	0.01368	0.01274	0.01185	0.01104	0.01028	0.009613
10	0	1.275e-05	8.493e-05	0.0002209	0.0004206	0.0006841	0.0009967	0.001384	0.001836	0.002351	0.00293	0.003572	0.004279	0.005049	0.005883	0.006781	0.007742	0.00869	0.009513	0.01023	0.01081	0.01145	0.01215	0.01291	0.01374	0.01458	0.01546	0.0164	0.01741	0.01847	0.01953	0.02064	0.02182	0.02306	0.02437	0.02573	0.02696	0.02776	0.02811	0.0283	0.02856	0.02888	0.02926	0.0297	0.03021	0.03078	0.03142	0.03221	0.03348	0.03481	0.0362	0.03766	0.03918	0.04076	0.04241	0.04412	0.04589	0.04773	0.04912	0.05031	0.05085	0.05069	0.04999	0.04934	0.04876	0.04824	0.04778	0.04738	0.04705	0.04678	0.04657	0.04593	0.04472	0.0431	0.04128	0.0395	0.03799	0.03647	0.035	0.03361	0.03227	0.031	0.02979	0.02865	0.02757	0.02656	0.02561	0.02472	0.02389	0.02313	0.02244	0.02181	0.02124	0.02073	0.02029	0.01991	0.0196	0.01935	0.01923	0.01933	0.01949	0.01979	0.02019	0.02066	0.02119	0.02178	0.02243	0.02315	0.02389	0.02462	0.02541	0.02627	0.02714	0.02836	0.02981	0.03133	0.03292	0.03447	0.03608	0.03776	0.0395	0.04131	0.04318	0.04511	0.0471	0.04917	0.05129	0.05348	0.05573	0.05805	0.06042	0.06287	0.0652	0.06786	0.07053	0.07322	0.07443	0.07652	0.07853	0.08036	0.0823	0.08408	0.08595	0.08765	0.08945	0.09131	0.09323	0.09521	0.09726	0.09937	0.1016	0.1038	0.1061	0.1085	0.1109	0.1134	0.116	0.1186	0.1212	0.1245	0.1279	0.1306	0.1329	0.1351	0.1375	0.1398	0.1422	0.1447	0.1469	0.1489	0.1501	0.1519	0.1536	0.1553	0.1574	0.1598	0.1631	0.1657	0.1683	0.1709	0.1736	0.1759	0.1781	0.1803	0.1826	0.1848	0.1872	0.1895	0.192	0.1944	0.1969	0.2003	0.2041	0.2072	0.2098	0.2123	0.215	0.2176	0.2204	0.2215	0.2238	0.2261	0.2284	0.2308	0.2331	0.2356	0.2382	0.2405	0.2427	0.2448	0.2471	0.2493	0.2516	0.2539	0.2563	0.2586	0.2611	0.2635	0.266	0.2685	0.2703	0.2707	0.2717	0.2724	0.273	0.2737	0.2744	0.2751	0.2757	0.2763	0.2768	0.2773	0.2777	0.2783	0.2785	0.2785	0.2785	0.2785	0.2785	0.2785	0.2785	0.2792	0.279	0.2788	0.2785	0.2782	0.2779	0.2776	0.2774	0.2771	0.2768	0.2765	0.276	0.2748	0.2755	0.2784	0.2826	0.286	0.2881	0.2886	0.2878	0.2871	0.2864	0.2859	0.2853	0.284	0.2827	0.2816	0.2793	0.2765	0.2739	0.2713	0.2688	0.2663	0.2639	0.2614	0.2584	0.2554	0.2526	0.2497	0.247	0.2444	0.2414	0.2385	0.2356	0.2328	0.2301	0.2274	0.2249	0.2231	0.2213	0.2196	0.2179	0.2162	0.2143	0.2125	0.2107	0.209	0.2075	0.2051	0.2017	0.1983	0.195	0.1918	0.1886	0.1855	0.1824	0.1795	0.1768	0.1742	0.1717	0.1697	0.1687	0.168	0.1673	0.1666	0.1654	0.1639	0.1625	0.1611	0.1598	0.1586	0.1574	0.1554	0.1525	0.1487	0.1445	0.1404	0.1363	0.1323	0.1286	0.1246	0.1208	0.117	0.1133	0.1096	0.106	0.1024	0.09888	0.09544	0.09218	0.08885	0.0861	0.0839	0.08225	0.08066	0.07914	0.07769	0.07629	0.07496	0.0737	0.0725	0.07136	0.07022	0.06916	0.06821	0.06732	0.06649	0.06573	0.06504	0.0644	0.06383	0.06334	0.06271	0.06215	0.06132	0.06075	0.06055	0.06041	0.06033	0.06079	0.06182	0.0629	0.06406	0.06527	0.06655	0.06789	0.06891	0.06912	0.06853	0.0672	0.06531	0.06311	0.06088	0.05883	0.05665	0.05452	0.05247	0.05047	0.04855	0.04679	0.04511	0.04363	0.04157	0.03955	0.0376	0.03571	0.03389	0.03213	0.03043	0.0288	0.02723	0.02573	0.02428	0.02291	0.02159	0.02034	0.01916	0.01803	0.017	0.01593	0.01493	0.01398	0.0131	0.01234	0.01174	0.0112	0.01072	0.0103	0.009948	0.009659	0.009434	0.009272	0.009174	0.00914	0.00917	0.009264	0.009421	0.009478	0.009358	0.009297	0.009301	0.009367	0.009498	0.009635	0.009944	0.01062	0.01154	0.01251	0.01333	0.01421	0.01512	0.01622	0.01738	0.01843	0.01933	0.02028	0.02112	0.02203	0.02301	0.02409	0.02538	0.02673	0.02815	0.02951	0.03085	0.03227	0.03374	0.03528	0.03688	0.03855	0.04014	0.04124	0.04232	0.04346	0.04466	0.04593	0.04727	0.04867	0.05013	0.05165	0.05324	0.05484	0.05584	0.05616	0.05575	0.05467	0.05305	0.05093	0.04849	0.04612
